{
  "n_pairs": 60,
  "n_same_event": 35,
  "precision": 0.5833333333333334,
  "by_cosine": {
    "[0.00,0.55)": {
      "precision": 0.3125,
      "n": 16
    },
    "[0.55,0.65)": {
      "precision": 0.5833333333333334,
      "n": 24
    },
    "[0.65,1.01)": {
      "precision": 0.8,
      "n": 20
    }
  },
  "adjudicator": "human"
}