{
  "1": 0.6295613537530724,
  "3": 0.6565986008697295,
  "10": 0.6494138778597088,
  "30": 0.6460105880128569
}