{
  "seeds": [
    1,
    2,
    3
  ],
  "SimCity (Hawkes-weighted)": {
    "auc_per_seed": [
      0.604647511984378,
      0.6136585662046242,
      0.611112006887737
    ],
    "auc_mean": 0.6098060283589132,
    "auc_std": 0.004645315864219132,
    "acc_mean": 0.4194644284572342,
    "logloss_mean": 1.0787796554000988
  },
  "Static MHP": {
    "auc_per_seed": [
      0.6051838185952328,
      0.6051838185952328,
      0.6051838185952328
    ],
    "auc_mean": 0.6051838185952328,
    "auc_std": 0.0,
    "acc_mean": 0.41606714628297364,
    "logloss_mean": 1.076797212753711
  },
  "welch_t": {
    "t": 1.7234354752066015,
    "p": 0.22695141042786252
  }
}