{
  "n_narratives": 209,
  "n_transfer": 123,
  "auc_bridge_score": 0.6494138778597088,
  "auc_bridge_ci95": [
    0.5710476641022871,
    0.7215737630726761
  ],
  "mannwhitney_p_one_sided": 0.00010835935326918514,
  "auc_popularity_baseline": 0.551474758933636,
  "auc_bridge_within_count_strata": 0.6557987948148131,
  "auc_static_mhp": 0.5
}