{
  "s1": {
    "auc": 0.31870711448176237,
    "p": 0.9999845436853975,
    "strata": 0.16677616760873007
  },
  "s2": {
    "auc": 0.6319369206693152,
    "p": 0.001223156501089292,
    "strata": 0.5797571582492952
  },
  "s3": {
    "auc": 0.2480438184663537,
    "p": 0.9999999964837281,
    "strata": 0.1985995246402277
  }
}