{
  "seed1": {
    "auc": 0.2756833786759943,
    "p": 0.9999999989598667,
    "count_strata": 0.21774812259407894,
    "popularity": 0.42372716673144184,
    "n_transfer": 166,
    "n": 259
  },
  "seed2": {
    "auc": 0.589908019173468,
    "p": 0.008193111850789638,
    "count_strata": 0.5405847347439132,
    "popularity": 0.42372716673144184,
    "n_transfer": 166,
    "n": 259
  },
  "seed3": {
    "auc": 0.66018914367146,
    "p": 9.466496586576098e-06,
    "count_strata": 0.5860384295878519,
    "popularity": 0.42372716673144184,
    "n_transfer": 166,
    "n": 259
  }
}