{
  "seed1": {
    "val_auc": 0.24495265942634364,
    "orientation": -1.0,
    "raw_test_auc": 0.11815001943256898,
    "oriented_test_auc": 0.881849980567431,
    "p": 1.025289011224665e-24,
    "count_strata": 0.8942083399721397,
    "n_transfer": 166,
    "n": 259
  },
  "seed2": {
    "val_auc": 0.6471038707880813,
    "orientation": 1.0,
    "raw_test_auc": 0.6733061277367535,
    "oriented_test_auc": 0.6733061277367535,
    "p": 1.1542226400155844e-08,
    "count_strata": 0.6845309516201684,
    "n_transfer": 166,
    "n": 259
  },
  "seed3": {
    "val_auc": 0.2608952937900306,
    "orientation": -1.0,
    "raw_test_auc": 0.22120741028630653,
    "oriented_test_auc": 0.7787925897136936,
    "p": 4.8648689914281505e-14,
    "count_strata": 0.8415059321670361,
    "n_transfer": 166,
    "n": 259
  }
}