{
  "1": {
    "auc": 0.5321973072275186,
    "p": 0.1540080412784801,
    "strata": 0.5321973072275186,
    "pop": 0.6521489691539616,
    "n": 4904,
    "nt": 85
  },
  "2": {
    "auc": 0.49696056052634796,
    "p": 0.5383484160847529,
    "strata": 0.49696056052634796,
    "pop": 0.6521489691539616,
    "n": 4904,
    "nt": 85
  },
  "3": {
    "auc": 0.51097005724888,
    "p": 0.3641846527059165,
    "strata": 0.51097005724888,
    "pop": 0.6521489691539616,
    "n": 4904,
    "nt": 85
  }
}