{
  "n_narratives": 188,
  "n_transfer": 71,
  "auc_bridge_score": 0.6319369206693152,
  "auc_bridge_ci95": [
    0.5326136913938962,
    0.7266253220153203
  ],
  "mannwhitney_p_one_sided": 0.001223156501089292,
  "auc_popularity_baseline": 0.6121343445287107,
  "auc_bridge_within_count_strata": 0.5797571582492952,
  "auc_static_mhp": 0.5
}