{
  "Static MHP": {
    "top1_acc": 0.3968386023294509,
    "macro_auc": 0.9209339984096001,
    "log_loss": 0.9985990836669405,
    "n": 1202
  },
  "Marginal prior": {
    "top1_acc": 0.3968386023294509,
    "macro_auc": 0.5,
    "log_loss": 21.74014035533272,
    "n": 1202
  },
  "Persistence": {
    "top1_acc": 0.9816971713810316,
    "macro_auc": 0.9808833947805972,
    "log_loss": 0.1539750205716761,
    "n": 1202
  },
  "SimCity (neural Hawkes)": {
    "top1_acc": 0.8202995008319468,
    "macro_auc": 0.9267982361020748,
    "log_loss": 0.7142478479317139,
    "n": 1202
  }
}