{
  "model": "SimCity (TGN + neural Hawkes + virality head)",
  "epochs": 15,
  "n_train_events": 9936,
  "n_test_events": 1980,
  "test": {
    "virality_mae": 2.198158025741577,
    "virality_rmse": 2.415334701538086,
    "hawkes_nll": -8.706851495057345
  },
  "naive_mean_baseline": {
    "virality_mae": 2.2087819576263428,
    "virality_rmse": 2.437589168548584
  }
}