{
  "model": "SimCity (TGN + neural Hawkes + virality head)",
  "epochs": 15,
  "n_train_events": 5530,
  "n_test_events": 1668,
  "test": {
    "virality_mae": 0.8645787835121155,
    "virality_rmse": 1.0410562753677368,
    "hawkes_nll": 0.7442036834028032
  },
  "naive_mean_baseline": {
    "virality_mae": 0.8245580196380615,
    "virality_rmse": 0.9761841297149658
  }
}