{
  "model": "SimCity (TGN + neural Hawkes + virality head)",
  "epochs": 15,
  "n_train_events": 20452,
  "n_test_events": 7461,
  "test": {
    "virality_mae": 1.0434482097625732,
    "virality_rmse": 1.3484916687011719,
    "hawkes_nll": -1.5850858202106075
  },
  "naive_mean_baseline": {
    "virality_mae": 1.0687625408172607,
    "virality_rmse": 1.3461600542068481
  }
}