{
  "1": {
    "auc": 0.5293019480519481,
    "p": 0.2313905698030324,
    "strata": 0.5033589600714838,
    "n": 234,
    "nt": 80,
    "orient": -1.0
  },
  "2": {
    "auc": 0.511810064935065,
    "p": 0.38386326679155824,
    "strata": 0.49718833963141357,
    "n": 234,
    "nt": 80,
    "orient": 1.0
  },
  "3": {
    "auc": 0.3450487012987013,
    "p": 0.9999497426871541,
    "strata": 0.5087501670091803,
    "n": 234,
    "nt": 80,
    "orient": -1.0
  }
}